image,GT,sum,euclidean,cosine
Tuberculosis-1449.png,PGD,Clean,Clean,Clean
Tuberculosis-1449.png,clean,Clean,Clean,Clean
Tuberculosis-2404.png,PGD,Clean,Adversarial,Adversarial
Tuberculosis-2404.png,clean,Clean,Clean,Clean
Tuberculosis-2065.png,PGD,Clean,Adversarial,Adversarial
Tuberculosis-2065.png,clean,Clean,Adversarial,Adversarial
Tuberculosis-1606.png,PGD,Clean,Clean,Clean
Tuberculosis-1606.png,clean,Clean,Clean,Clean
Tuberculosis-2372.png,PGD,Clean,Adversarial,Adversarial
Tuberculosis-2372.png,clean,Clean,Clean,Clean
Tuberculosis-439.png,PGD,Clean,Clean,Clean
Tuberculosis-439.png,clean,Clean,Clean,Clean
Tuberculosis-1392.png,PGD,Clean,Adversarial,Adversarial
Tuberculosis-1392.png,clean,Clean,Clean,Clean
Tuberculosis-2478.png,PGD,Clean,Adversarial,Adversarial
Tuberculosis-2478.png,clean,Clean,Clean,Clean
Tuberculosis-2630.png,PGD,Clean,Adversarial,Adversarial
Tuberculosis-2630.png,clean,Clean,Clean,Clean
Tuberculosis-2280.png,PGD,Clean,Adversarial,Adversarial
Tuberculosis-2280.png,clean,Clean,Clean,Clean
Tuberculosis-671.png,PGD,Clean,Adversarial,Adversarial
Tuberculosis-671.png,clean,Clean,Clean,Clean
Tuberculosis-107.png,PGD,Clean,Adversarial,Adversarial
Tuberculosis-107.png,clean,Clean,Clean,Clean
Tuberculosis-2309.png,PGD,Clean,Clean,Clean
Tuberculosis-2309.png,clean,Clean,Clean,Clean
Tuberculosis-755.png,PGD,Clean,Clean,Clean
Tuberculosis-755.png,clean,Clean,Clean,Clean
Tuberculosis-893.png,PGD,Clean,Clean,Clean
Tuberculosis-893.png,clean,Clean,Clean,Clean
Tuberculosis-2803.png,PGD,Clean,Adversarial,Adversarial
Tuberculosis-2803.png,clean,Clean,Adversarial,Adversarial
Tuberculosis-1105.png,PGD,Clean,Adversarial,Adversarial
Tuberculosis-1105.png,clean,Clean,Clean,Clean
Tuberculosis-1212.png,PGD,Clean,Adversarial,Adversarial
Tuberculosis-1212.png,clean,Clean,Clean,Clean
Tuberculosis-1832.png,PGD,Clean,Clean,Clean
Tuberculosis-1832.png,clean,Clean,Clean,Clean
Tuberculosis-3315.png,PGD,Clean,Adversarial,Adversarial
Tuberculosis-3315.png,clean,Clean,Clean,Clean
Tuberculosis-1518.png,PGD,Clean,Clean,Clean
Tuberculosis-1518.png,clean,Clean,Clean,Clean
Tuberculosis-2224.png,PGD,Clean,Adversarial,Adversarial
Tuberculosis-2224.png,clean,Clean,Clean,Clean
Tuberculosis-3464.png,PGD,Clean,Adversarial,Adversarial
Tuberculosis-3464.png,clean,Clean,Clean,Clean
Tuberculosis-2694.png,PGD,Clean,Adversarial,Adversarial
Tuberculosis-2694.png,clean,Clean,Adversarial,Adversarial
Tuberculosis-437.png,PGD,Clean,Clean,Clean
Tuberculosis-437.png,clean,Clean,Clean,Clean
Tuberculosis-219.png,PGD,Clean,Clean,Clean
Tuberculosis-219.png,clean,Clean,Adversarial,Adversarial
Tuberculosis-678.png,PGD,Clean,Adversarial,Adversarial
Tuberculosis-678.png,clean,Clean,Adversarial,Adversarial
Tuberculosis-3480.png,PGD,Clean,Clean,Clean
Tuberculosis-3480.png,clean,Clean,Clean,Clean
Tuberculosis-1719.png,PGD,Clean,Adversarial,Adversarial
Tuberculosis-1719.png,clean,Clean,Clean,Clean
Tuberculosis-1220.png,PGD,Clean,Adversarial,Adversarial
Tuberculosis-1220.png,clean,Clean,Clean,Clean
Tuberculosis-2754.png,PGD,Clean,Adversarial,Adversarial
Tuberculosis-2754.png,clean,Clean,Adversarial,Adversarial
Tuberculosis-1641.png,PGD,Clean,Clean,Clean
Tuberculosis-1641.png,clean,Clean,Clean,Clean
Tuberculosis-1556.png,PGD,Clean,Adversarial,Adversarial
Tuberculosis-1556.png,clean,Clean,Clean,Clean
Tuberculosis-2443.png,PGD,Clean,Adversarial,Adversarial
Tuberculosis-2443.png,clean,Clean,Clean,Clean
Tuberculosis-1068.png,PGD,Clean,Adversarial,Adversarial
Tuberculosis-1068.png,clean,Clean,Clean,Clean
Tuberculosis-712.png,PGD,Clean,Adversarial,Adversarial
Tuberculosis-712.png,clean,Clean,Clean,Clean
Tuberculosis-1580.png,PGD,Clean,Adversarial,Adversarial
Tuberculosis-1580.png,clean,Clean,Clean,Clean
Tuberculosis-479.png,PGD,Clean,Clean,Clean
Tuberculosis-479.png,clean,Clean,Clean,Clean
Tuberculosis-521.png,PGD,Clean,Adversarial,Adversarial
Tuberculosis-521.png,clean,Clean,Clean,Clean
Tuberculosis-17.png,PGD,Clean,Adversarial,Adversarial
Tuberculosis-17.png,clean,Clean,Clean,Clean
Tuberculosis-1980.png,PGD,Clean,Clean,Clean
Tuberculosis-1980.png,clean,Clean,Clean,Clean
Tuberculosis-2391.png,PGD,Clean,Adversarial,Adversarial
Tuberculosis-2391.png,clean,Clean,Clean,Clean
Tuberculosis-2436.png,PGD,Clean,Clean,Clean
Tuberculosis-2436.png,clean,Clean,Clean,Clean
Tuberculosis-2174.png,PGD,Clean,Adversarial,Adversarial
Tuberculosis-2174.png,clean,Clean,Clean,Clean
Tuberculosis-2263.png,PGD,Clean,Adversarial,Adversarial
Tuberculosis-2263.png,clean,Clean,Clean,Clean
Tuberculosis-3042.png,PGD,Clean,Clean,Clean
Tuberculosis-3042.png,clean,Clean,Clean,Clean
Tuberculosis-2387.png,PGD,Clean,Adversarial,Adversarial
Tuberculosis-2387.png,clean,Clean,Clean,Clean
Tuberculosis-1996.png,PGD,Clean,Adversarial,Adversarial
Tuberculosis-1996.png,clean,Clean,Clean,Clean
Tuberculosis-2883.png,PGD,Clean,Clean,Clean
Tuberculosis-2883.png,clean,Clean,Clean,Clean
Tuberculosis-158.png,PGD,Clean,Adversarial,Adversarial
Tuberculosis-158.png,clean,Clean,Clean,Clean
Tuberculosis-813.png,PGD,Clean,Clean,Clean
Tuberculosis-813.png,clean,Clean,Clean,Clean
Tuberculosis-1070.png,PGD,Clean,Adversarial,Adversarial
Tuberculosis-1070.png,clean,Clean,Clean,Clean
Tuberculosis-3392.png,PGD,Clean,Clean,Clean
Tuberculosis-3392.png,clean,Clean,Adversarial,Adversarial
Tuberculosis-3054.png,PGD,Clean,Clean,Clean
Tuberculosis-3054.png,clean,Clean,Clean,Clean
Tuberculosis-1077.png,PGD,Clean,Clean,Clean
Tuberculosis-1077.png,clean,Clean,Clean,Clean
Tuberculosis-1625.png,PGD,Clean,Adversarial,Adversarial
Tuberculosis-1625.png,clean,Clean,Clean,Clean
Tuberculosis-1540.png,PGD,Clean,Clean,Clean
Tuberculosis-1540.png,clean,Clean,Clean,Clean
Tuberculosis-993.png,PGD,Clean,Clean,Clean
Tuberculosis-993.png,clean,Clean,Clean,Clean
Tuberculosis-246.png,PGD,Clean,Adversarial,Adversarial
Tuberculosis-246.png,clean,Clean,Clean,Clean
Tuberculosis-3496.png,PGD,Clean,Clean,Clean
Tuberculosis-3496.png,clean,Clean,Clean,Clean
Tuberculosis-187.png,PGD,Clean,Clean,Clean
Tuberculosis-187.png,clean,Clean,Clean,Clean
Tuberculosis-73.png,PGD,Clean,Clean,Clean
Tuberculosis-73.png,clean,Clean,Clean,Clean
Tuberculosis-2324.png,PGD,Clean,Clean,Clean
Tuberculosis-2324.png,clean,Clean,Clean,Clean
Tuberculosis-861.png,PGD,Clean,Adversarial,Adversarial
Tuberculosis-861.png,clean,Clean,Clean,Clean
Tuberculosis-1619.png,PGD,Clean,Clean,Clean
Tuberculosis-1619.png,clean,Clean,Clean,Clean
Tuberculosis-970.png,PGD,Clean,Adversarial,Adversarial
Tuberculosis-970.png,clean,Clean,Clean,Clean
Tuberculosis-2654.png,PGD,Clean,Clean,Clean
Tuberculosis-2654.png,clean,Clean,Clean,Clean
Tuberculosis-426.png,PGD,Clean,Adversarial,Adversarial
Tuberculosis-426.png,clean,Clean,Clean,Clean
Tuberculosis-1889.png,PGD,Clean,Clean,Clean
Tuberculosis-1889.png,clean,Clean,Clean,Clean
Tuberculosis-2316.png,PGD,Clean,Clean,Clean
Tuberculosis-2316.png,clean,Clean,Clean,Clean
Tuberculosis-357.png,PGD,Clean,Adversarial,Adversarial
Tuberculosis-357.png,clean,Clean,Clean,Clean
Tuberculosis-2682.png,PGD,Clean,Adversarial,Adversarial
Tuberculosis-2682.png,clean,Clean,Adversarial,Adversarial
Tuberculosis-2186.png,PGD,Clean,Clean,Clean
Tuberculosis-2186.png,clean,Clean,Clean,Clean
Tuberculosis-2240.png,PGD,Clean,Adversarial,Adversarial
Tuberculosis-2240.png,clean,Clean,Adversarial,Adversarial
Tuberculosis-1610.png,PGD,Clean,Clean,Clean
Tuberculosis-1610.png,clean,Clean,Clean,Clean
Tuberculosis-979.png,PGD,Clean,Adversarial,Adversarial
Tuberculosis-979.png,clean,Clean,Clean,Clean
Tuberculosis-1329.png,PGD,Clean,Adversarial,Adversarial
Tuberculosis-1329.png,clean,Clean,Clean,Clean
Tuberculosis-2363.png,PGD,Clean,Clean,Clean
Tuberculosis-2363.png,clean,Clean,Clean,Clean
Tuberculosis-1489.png,PGD,Clean,Clean,Clean
Tuberculosis-1489.png,clean,Clean,Clean,Clean
Tuberculosis-2008.png,PGD,Clean,Adversarial,Adversarial
Tuberculosis-2008.png,clean,Clean,Clean,Clean
Tuberculosis-2531.png,PGD,Clean,Adversarial,Adversarial
Tuberculosis-2531.png,clean,Clean,Adversarial,Adversarial
Tuberculosis-3371.png,PGD,Clean,Clean,Clean
Tuberculosis-3371.png,clean,Clean,Clean,Clean
Tuberculosis-3066.png,PGD,Clean,Adversarial,Adversarial
Tuberculosis-3066.png,clean,Clean,Clean,Clean
Tuberculosis-766.png,PGD,Clean,Clean,Clean
Tuberculosis-766.png,clean,Clean,Clean,Clean
Tuberculosis-2397.png,PGD,Clean,Clean,Clean
Tuberculosis-2397.png,clean,Clean,Clean,Clean
Tuberculosis-1525.png,PGD,Clean,Clean,Clean
Tuberculosis-1525.png,clean,Clean,Clean,Clean
Tuberculosis-1377.png,PGD,Clean,Adversarial,Adversarial
Tuberculosis-1377.png,clean,Clean,Clean,Clean
Tuberculosis-2262.png,PGD,Clean,Adversarial,Adversarial
Tuberculosis-2262.png,clean,Clean,Clean,Clean
Tuberculosis-223.png,PGD,Clean,Adversarial,Adversarial
Tuberculosis-223.png,clean,Clean,Clean,Clean
Tuberculosis-1559.png,PGD,Clean,Adversarial,Adversarial
Tuberculosis-1559.png,clean,Clean,Clean,Clean
Tuberculosis-2513.png,PGD,Clean,Adversarial,Adversarial
Tuberculosis-2513.png,clean,Clean,Clean,Clean
Tuberculosis-1874.png,PGD,Clean,Clean,Clean
Tuberculosis-1874.png,clean,Clean,Clean,Clean
Tuberculosis-2265.png,PGD,Clean,Clean,Clean
Tuberculosis-2265.png,clean,Clean,Clean,Clean
Tuberculosis-552.png,PGD,Clean,Adversarial,Adversarial
Tuberculosis-552.png,clean,Clean,Clean,Clean
Tuberculosis-476.png,PGD,Clean,Clean,Clean
Tuberculosis-476.png,clean,Clean,Clean,Clean
Tuberculosis-1192.png,PGD,Clean,Clean,Clean
Tuberculosis-1192.png,clean,Clean,Clean,Clean
Tuberculosis-2056.png,PGD,Clean,Clean,Clean
Tuberculosis-2056.png,clean,Clean,Clean,Clean
Tuberculosis-639.png,PGD,Clean,Adversarial,Adversarial
Tuberculosis-639.png,clean,Clean,Clean,Clean
Tuberculosis-2100.png,PGD,Clean,Adversarial,Adversarial
Tuberculosis-2100.png,clean,Clean,Clean,Clean
Tuberculosis-3321.png,PGD,Clean,Clean,Clean
Tuberculosis-3321.png,clean,Clean,Clean,Clean
Tuberculosis-952.png,PGD,Clean,Adversarial,Adversarial
Tuberculosis-952.png,clean,Clean,Clean,Clean
Tuberculosis-256.png,PGD,Clean,Adversarial,Adversarial
Tuberculosis-256.png,clean,Clean,Clean,Clean
Tuberculosis-1012.png,PGD,Clean,Adversarial,Adversarial
Tuberculosis-1012.png,clean,Clean,Clean,Clean
Tuberculosis-3326.png,PGD,Clean,Clean,Clean
Tuberculosis-3326.png,clean,Clean,Clean,Clean
Tuberculosis-2348.png,PGD,Clean,Adversarial,Adversarial
Tuberculosis-2348.png,clean,Clean,Adversarial,Adversarial
Tuberculosis-197.png,PGD,Clean,Adversarial,Adversarial
Tuberculosis-197.png,clean,Clean,Clean,Clean
Tuberculosis-1379.png,PGD,Clean,Clean,Clean
Tuberculosis-1379.png,clean,Clean,Clean,Clean
Tuberculosis-1586.png,PGD,Clean,Adversarial,Adversarial
Tuberculosis-1586.png,clean,Clean,Clean,Clean
Tuberculosis-2334.png,PGD,Clean,Clean,Clean
Tuberculosis-2334.png,clean,Clean,Clean,Clean
Tuberculosis-3115.png,PGD,Clean,Clean,Clean
Tuberculosis-3115.png,clean,Clean,Clean,Clean
Tuberculosis-2023.png,PGD,Clean,Clean,Clean
Tuberculosis-2023.png,clean,Clean,Clean,Clean
Tuberculosis-2132.png,PGD,Clean,Clean,Clean
Tuberculosis-2132.png,clean,Clean,Clean,Clean
Tuberculosis-56.png,PGD,Clean,Clean,Clean
Tuberculosis-56.png,clean,Clean,Clean,Clean
Tuberculosis-2259.png,PGD,Clean,Adversarial,Adversarial
Tuberculosis-2259.png,clean,Clean,Clean,Clean
Tuberculosis-3237.png,PGD,Clean,Adversarial,Adversarial
Tuberculosis-3237.png,clean,Clean,Clean,Clean
Tuberculosis-1103.png,PGD,Clean,Clean,Clean
Tuberculosis-1103.png,clean,Clean,Clean,Clean
Tuberculosis-3120.png,PGD,Clean,Clean,Clean
Tuberculosis-3120.png,clean,Clean,Clean,Clean
Tuberculosis-1104.png,PGD,Clean,Adversarial,Adversarial
Tuberculosis-1104.png,clean,Clean,Clean,Clean
Tuberculosis-1490.png,PGD,Clean,Adversarial,Adversarial
Tuberculosis-1490.png,clean,Clean,Clean,Clean
Tuberculosis-2585.png,PGD,Clean,Clean,Clean
Tuberculosis-2585.png,clean,Clean,Clean,Clean
Tuberculosis-1394.png,PGD,Clean,Adversarial,Adversarial
Tuberculosis-1394.png,clean,Clean,Clean,Clean
Tuberculosis-831.png,PGD,Clean,Adversarial,Adversarial
Tuberculosis-831.png,clean,Clean,Clean,Clean
Tuberculosis-492.png,PGD,Clean,Clean,Clean
Tuberculosis-492.png,clean,Clean,Clean,Clean
Tuberculosis-2928.png,PGD,Clean,Adversarial,Adversarial
Tuberculosis-2928.png,clean,Clean,Clean,Clean
Tuberculosis-2374.png,PGD,Clean,Adversarial,Adversarial
Tuberculosis-2374.png,clean,Clean,Clean,Clean
Tuberculosis-1448.png,PGD,Clean,Clean,Clean
Tuberculosis-1448.png,clean,Clean,Clean,Clean
Tuberculosis-1510.png,PGD,Clean,Clean,Clean
Tuberculosis-1510.png,clean,Clean,Clean,Clean
Tuberculosis-1171.png,PGD,Clean,Adversarial,Adversarial
Tuberculosis-1171.png,clean,Clean,Clean,Clean
Tuberculosis-438.png,PGD,Clean,Adversarial,Adversarial
Tuberculosis-438.png,clean,Clean,Clean,Clean
Tuberculosis-2479.png,PGD,Clean,Adversarial,Adversarial
Tuberculosis-2479.png,clean,Clean,Clean,Clean
Tuberculosis-793.png,PGD,Clean,Adversarial,Adversarial
Tuberculosis-793.png,clean,Clean,Adversarial,Adversarial
Tuberculosis-455.png,PGD,Clean,Adversarial,Adversarial
Tuberculosis-455.png,clean,Clean,Adversarial,Adversarial
Tuberculosis-429.png,PGD,Clean,Adversarial,Adversarial
Tuberculosis-429.png,clean,Clean,Clean,Clean
Tuberculosis-576.png,PGD,Clean,Adversarial,Adversarial
Tuberculosis-576.png,clean,Clean,Adversarial,Adversarial
Tuberculosis-1908.png,PGD,Clean,Adversarial,Adversarial
Tuberculosis-1908.png,clean,Clean,Clean,Clean
Tuberculosis-32.png,PGD,Clean,Adversarial,Adversarial
Tuberculosis-32.png,clean,Clean,Clean,Clean
Tuberculosis-2290.png,PGD,Clean,Clean,Clean
Tuberculosis-2290.png,clean,Clean,Clean,Clean
Tuberculosis-2537.png,PGD,Clean,Adversarial,Adversarial
Tuberculosis-2537.png,clean,Clean,Clean,Clean
Tuberculosis-2704.png,PGD,Clean,Clean,Clean
Tuberculosis-2704.png,clean,Clean,Clean,Clean
Tuberculosis-978.png,PGD,Clean,Adversarial,Adversarial
Tuberculosis-978.png,clean,Clean,Clean,Clean
Tuberculosis-1270.png,PGD,Clean,Clean,Clean
Tuberculosis-1270.png,clean,Clean,Clean,Clean
Tuberculosis-3195.png,PGD,Clean,Clean,Clean
Tuberculosis-3195.png,clean,Clean,Clean,Clean
Tuberculosis-452.png,PGD,Clean,Adversarial,Adversarial
Tuberculosis-452.png,clean,Clean,Clean,Clean
Tuberculosis-578.png,PGD,Clean,Adversarial,Adversarial
Tuberculosis-578.png,clean,Clean,Clean,Clean
Tuberculosis-2158.png,PGD,Clean,Adversarial,Adversarial
Tuberculosis-2158.png,clean,Clean,Clean,Clean
Tuberculosis-852.png,PGD,Clean,Clean,Clean
Tuberculosis-852.png,clean,Clean,Clean,Clean
Tuberculosis-1450.png,PGD,Clean,Clean,Clean
Tuberculosis-1450.png,clean,Clean,Clean,Clean
Tuberculosis-2937.png,PGD,Clean,Clean,Clean
Tuberculosis-2937.png,clean,Clean,Clean,Clean
Tuberculosis-1618.png,PGD,Clean,Adversarial,Adversarial
Tuberculosis-1618.png,clean,Clean,Clean,Clean
Tuberculosis-96.png,PGD,Clean,Adversarial,Adversarial
Tuberculosis-96.png,clean,Clean,Clean,Clean
Tuberculosis-971.png,PGD,Clean,Adversarial,Adversarial
Tuberculosis-971.png,clean,Clean,Clean,Clean
Tuberculosis-2868.png,PGD,Clean,Clean,Clean
Tuberculosis-2868.png,clean,Clean,Clean,Clean
Tuberculosis-1791.png,PGD,Clean,Adversarial,Adversarial
Tuberculosis-1791.png,clean,Clean,Clean,Clean
Tuberculosis-2593.png,PGD,Clean,Clean,Clean
Tuberculosis-2593.png,clean,Clean,Clean,Clean
Tuberculosis-2299.png,PGD,Clean,Clean,Clean
Tuberculosis-2299.png,clean,Clean,Clean,Clean
Tuberculosis-3178.png,PGD,Clean,Clean,Clean
Tuberculosis-3178.png,clean,Clean,Clean,Clean
Tuberculosis-2116.png,PGD,Clean,Adversarial,Adversarial
Tuberculosis-2116.png,clean,Clean,Clean,Clean
Tuberculosis-1127.png,PGD,Clean,Clean,Clean
Tuberculosis-1127.png,clean,Clean,Clean,Clean
Tuberculosis-1687.png,PGD,Clean,Adversarial,Adversarial
Tuberculosis-1687.png,clean,Clean,Clean,Clean
Tuberculosis-2454.png,PGD,Clean,Adversarial,Adversarial
Tuberculosis-2454.png,clean,Clean,Clean,Clean
Tuberculosis-3103.png,PGD,Clean,Clean,Clean
Tuberculosis-3103.png,clean,Clean,Clean,Clean
Tuberculosis-1656.png,PGD,Clean,Adversarial,Adversarial
Tuberculosis-1656.png,clean,Clean,Clean,Clean
Tuberculosis-1419.png,PGD,Clean,Adversarial,Adversarial
Tuberculosis-1419.png,clean,Clean,Clean,Clean
Tuberculosis-626.png,PGD,Clean,Adversarial,Adversarial
Tuberculosis-626.png,clean,Clean,Clean,Clean
Tuberculosis-181.png,PGD,Clean,Adversarial,Adversarial
Tuberculosis-181.png,clean,Clean,Clean,Clean
Tuberculosis-2667.png,PGD,Clean,Adversarial,Adversarial
Tuberculosis-2667.png,clean,Clean,Clean,Clean
Tuberculosis-2902.png,PGD,Clean,Clean,Clean
Tuberculosis-2902.png,clean,Clean,Clean,Clean
Tuberculosis-543.png,PGD,Clean,Adversarial,Adversarial
Tuberculosis-543.png,clean,Clean,Clean,Clean
Tuberculosis-2426.png,PGD,Clean,Adversarial,Adversarial
Tuberculosis-2426.png,clean,Clean,Clean,Clean
Tuberculosis-2669.png,PGD,Clean,Clean,Clean
Tuberculosis-2669.png,clean,Clean,Clean,Clean
Tuberculosis-770.png,PGD,Clean,Adversarial,Adversarial
Tuberculosis-770.png,clean,Clean,Clean,Clean
Tuberculosis-3499.png,PGD,Clean,Adversarial,Adversarial
Tuberculosis-3499.png,clean,Clean,Clean,Clean
Tuberculosis-2612.png,PGD,Clean,Adversarial,Adversarial
Tuberculosis-2612.png,clean,Clean,Clean,Clean
Tuberculosis-3345.png,PGD,Clean,Clean,Clean
Tuberculosis-3345.png,clean,Clean,Clean,Clean
Tuberculosis-907.png,PGD,Clean,Adversarial,Adversarial
Tuberculosis-907.png,clean,Clean,Clean,Clean
Tuberculosis-575.png,PGD,Clean,Adversarial,Adversarial
Tuberculosis-575.png,clean,Clean,Clean,Clean
Tuberculosis-1118.png,PGD,Clean,Clean,Clean
Tuberculosis-1118.png,clean,Clean,Clean,Clean
Tuberculosis-3281.png,PGD,Clean,Clean,Clean
Tuberculosis-3281.png,clean,Clean,Clean,Clean
Tuberculosis-1977.png,PGD,Clean,Clean,Clean
Tuberculosis-1977.png,clean,Clean,Clean,Clean
Tuberculosis-451.png,PGD,Clean,Adversarial,Adversarial
Tuberculosis-451.png,clean,Clean,Clean,Clean
Tuberculosis-1502.png,PGD,Clean,Adversarial,Adversarial
Tuberculosis-1502.png,clean,Clean,Clean,Clean
Tuberculosis-3373.png,PGD,Clean,Clean,Clean
Tuberculosis-3373.png,clean,Clean,Clean,Clean
Tuberculosis-1096.png,PGD,Clean,Clean,Clean
Tuberculosis-1096.png,clean,Clean,Clean,Clean
Tuberculosis-458.png,PGD,Clean,Clean,Clean
Tuberculosis-458.png,clean,Clean,Clean,Clean
Tuberculosis-2313.png,PGD,Clean,Clean,Clean
Tuberculosis-2313.png,clean,Clean,Clean,Clean
Tuberculosis-1570.png,PGD,Clean,Adversarial,Adversarial
Tuberculosis-1570.png,clean,Clean,Clean,Clean
Tuberculosis-733.png,PGD,Clean,Adversarial,Adversarial
Tuberculosis-733.png,clean,Clean,Clean,Clean
Tuberculosis-887.png,PGD,Clean,Clean,Clean
Tuberculosis-887.png,clean,Clean,Clean,Clean
Tuberculosis-909.png,PGD,Clean,Adversarial,Adversarial
Tuberculosis-909.png,clean,Clean,Clean,Clean
Tuberculosis-1660.png,PGD,Clean,Clean,Clean
Tuberculosis-1660.png,clean,Clean,Clean,Clean
Tuberculosis-1116.png,PGD,Clean,Adversarial,Adversarial
Tuberculosis-1116.png,clean,Clean,Clean,Clean
Tuberculosis-1359.png,PGD,Clean,Clean,Clean
Tuberculosis-1359.png,clean,Clean,Clean,Clean
Tuberculosis-3149.png,PGD,Clean,Clean,Clean
Tuberculosis-3149.png,clean,Clean,Clean,Clean
Tuberculosis-2709.png,PGD,Clean,Adversarial,Adversarial
Tuberculosis-2709.png,clean,Clean,Clean,Clean
Tuberculosis-799.png,PGD,Clean,Adversarial,Adversarial
Tuberculosis-799.png,clean,Clean,Adversarial,Adversarial
Tuberculosis-3011.png,PGD,Clean,Adversarial,Adversarial
Tuberculosis-3011.png,clean,Clean,Clean,Clean
Tuberculosis-3217.png,PGD,Clean,Clean,Clean
Tuberculosis-3217.png,clean,Clean,Clean,Clean
Tuberculosis-2825.png,PGD,Clean,Adversarial,Adversarial
Tuberculosis-2825.png,clean,Clean,Clean,Clean
Tuberculosis-659.png,PGD,Clean,Adversarial,Adversarial
Tuberculosis-659.png,clean,Clean,Adversarial,Adversarial
Tuberculosis-1593.png,PGD,Clean,Adversarial,Adversarial
Tuberculosis-1593.png,clean,Clean,Clean,Clean
Tuberculosis-2205.png,PGD,Clean,Clean,Clean
Tuberculosis-2205.png,clean,Clean,Clean,Clean
Tuberculosis-2573.png,PGD,Clean,Clean,Clean
Tuberculosis-2573.png,clean,Clean,Clean,Clean
Tuberculosis-1814.png,PGD,Clean,Adversarial,Adversarial
Tuberculosis-1814.png,clean,Clean,Clean,Clean
Tuberculosis-2112.png,PGD,Clean,Adversarial,Adversarial
Tuberculosis-2112.png,clean,Clean,Clean,Clean
Tuberculosis-1776.png,PGD,Clean,Clean,Clean
Tuberculosis-1776.png,clean,Clean,Clean,Clean
Tuberculosis-3023.png,PGD,Clean,Adversarial,Adversarial
Tuberculosis-3023.png,clean,Clean,Clean,Clean
Tuberculosis-3442.png,PGD,Clean,Clean,Clean
Tuberculosis-3442.png,clean,Clean,Clean,Clean
Tuberculosis-1000.png,PGD,Clean,Adversarial,Adversarial
Tuberculosis-1000.png,clean,Clean,Clean,Clean
Tuberculosis-2031.png,PGD,Clean,Adversarial,Adversarial
Tuberculosis-2031.png,clean,Clean,Clean,Clean
Tuberculosis-128.png,PGD,Clean,Clean,Clean
Tuberculosis-128.png,clean,Clean,Clean,Clean
Tuberculosis-863.png,PGD,Clean,Adversarial,Adversarial
Tuberculosis-863.png,clean,Clean,Adversarial,Adversarial
Tuberculosis-3348.png,PGD,Clean,Adversarial,Adversarial
Tuberculosis-3348.png,clean,Clean,Clean,Clean
Tuberculosis-2735.png,PGD,Clean,Adversarial,Adversarial
Tuberculosis-2735.png,clean,Clean,Clean,Clean
Tuberculosis-1994.png,PGD,Clean,Adversarial,Adversarial
Tuberculosis-1994.png,clean,Clean,Clean,Clean
Tuberculosis-596.png,PGD,Clean,Adversarial,Adversarial
Tuberculosis-596.png,clean,Clean,Clean,Clean
Tuberculosis-708.png,PGD,Clean,Adversarial,Adversarial
Tuberculosis-708.png,clean,Clean,Clean,Clean
Tuberculosis-2038.png,PGD,Clean,Adversarial,Adversarial
Tuberculosis-2038.png,clean,Clean,Clean,Clean
Tuberculosis-3390.png,PGD,Clean,Clean,Clean
Tuberculosis-3390.png,clean,Clean,Clean,Clean
Tuberculosis-2857.png,PGD,Clean,Clean,Clean
Tuberculosis-2857.png,clean,Clean,Clean,Clean
Tuberculosis-2095.png,PGD,Clean,Adversarial,Adversarial
Tuberculosis-2095.png,clean,Clean,Clean,Clean
Tuberculosis-1468.png,PGD,Clean,Adversarial,Adversarial
Tuberculosis-1468.png,clean,Clean,Clean,Clean
Tuberculosis-1009.png,PGD,Clean,Clean,Clean
Tuberculosis-1009.png,clean,Clean,Clean,Clean
Tuberculosis-773.png,PGD,Clean,Adversarial,Adversarial
Tuberculosis-773.png,clean,Clean,Clean,Clean
Tuberculosis-1405.png,PGD,Clean,Adversarial,Adversarial
Tuberculosis-1405.png,clean,Clean,Adversarial,Adversarial
Tuberculosis-2962.png,PGD,Clean,Clean,Clean
Tuberculosis-2962.png,clean,Clean,Clean,Clean
Tuberculosis-1712.png,PGD,Clean,Adversarial,Adversarial
Tuberculosis-1712.png,clean,Clean,Clean,Clean
Tuberculosis-3381.png,PGD,Clean,Clean,Clean
Tuberculosis-3381.png,clean,Clean,Clean,Clean
Tuberculosis-2723.png,PGD,Clean,Adversarial,Adversarial
Tuberculosis-2723.png,clean,Clean,Clean,Clean
Tuberculosis-2846.png,PGD,Clean,Adversarial,Adversarial
Tuberculosis-2846.png,clean,Clean,Clean,Clean
Tuberculosis-3274.png,PGD,Clean,Clean,Clean
Tuberculosis-3274.png,clean,Clean,Clean,Clean
Tuberculosis-2919.png,PGD,Clean,Clean,Clean
Tuberculosis-2919.png,clean,Clean,Clean,Clean
Tuberculosis-1281.png,PGD,Clean,Adversarial,Adversarial
Tuberculosis-1281.png,clean,Clean,Clean,Clean
Tuberculosis-989.png,PGD,Clean,Adversarial,Adversarial
Tuberculosis-989.png,clean,Clean,Clean,Clean
Tuberculosis-220.png,PGD,Clean,Clean,Clean
Tuberculosis-220.png,clean,Clean,Adversarial,Adversarial
Tuberculosis-641.png,PGD,Clean,Clean,Clean
Tuberculosis-641.png,clean,Clean,Clean,Clean
Tuberculosis-3482.png,PGD,Clean,Clean,Clean
Tuberculosis-3482.png,clean,Clean,Clean,Clean
Tuberculosis-524.png,PGD,Clean,Adversarial,Adversarial
Tuberculosis-524.png,clean,Clean,Clean,Clean
Tuberculosis-633.png,PGD,Clean,Adversarial,Adversarial
Tuberculosis-633.png,clean,Clean,Clean,Clean
Tuberculosis-2178.png,PGD,Clean,Adversarial,Adversarial
Tuberculosis-2178.png,clean,Clean,Clean,Clean
Tuberculosis-400.png,PGD,Clean,Clean,Clean
Tuberculosis-400.png,clean,Clean,Clean,Clean
Tuberculosis-1222.png,PGD,Clean,Adversarial,Adversarial
Tuberculosis-1222.png,clean,Clean,Clean,Clean
Tuberculosis-3049.png,PGD,Clean,Clean,Clean
Tuberculosis-3049.png,clean,Clean,Clean,Clean
Tuberculosis-2609.png,PGD,Clean,Adversarial,Adversarial
Tuberculosis-2609.png,clean,Clean,Adversarial,Adversarial
Tuberculosis-3111.png,PGD,Clean,Clean,Clean
Tuberculosis-3111.png,clean,Clean,Clean,Clean
Tuberculosis-1225.png,PGD,Clean,Adversarial,Adversarial
Tuberculosis-1225.png,clean,Clean,Clean,Clean
Tuberculosis-229.png,PGD,Clean,Adversarial,Adversarial
Tuberculosis-229.png,clean,Clean,Adversarial,Adversarial
Tuberculosis-1805.png,PGD,Clean,Adversarial,Adversarial
Tuberculosis-1805.png,clean,Clean,Clean,Clean
Tuberculosis-523.png,PGD,Clean,Adversarial,Adversarial
Tuberculosis-523.png,clean,Clean,Adversarial,Adversarial
Tuberculosis-1107.png,PGD,Clean,Adversarial,Adversarial
Tuberculosis-1107.png,clean,Clean,Clean,Clean
Tuberculosis-1566.png,PGD,Clean,Adversarial,Adversarial
Tuberculosis-1566.png,clean,Clean,Clean,Clean
Tuberculosis-1755.png,PGD,Clean,Adversarial,Adversarial
Tuberculosis-1755.png,clean,Clean,Clean,Clean
Tuberculosis-516.png,PGD,Clean,Adversarial,Adversarial
Tuberculosis-516.png,clean,Clean,Adversarial,Adversarial
Tuberculosis-449.png,PGD,Clean,Adversarial,Adversarial
Tuberculosis-449.png,clean,Clean,Clean,Clean
Tuberculosis-498.png,PGD,Clean,Clean,Clean
Tuberculosis-498.png,clean,Clean,Clean,Clean
Tuberculosis-3299.png,PGD,Clean,Clean,Clean
Tuberculosis-3299.png,clean,Clean,Clean,Clean
Tuberculosis-1439.png,PGD,Clean,Adversarial,Adversarial
Tuberculosis-1439.png,clean,Clean,Clean,Clean
Tuberculosis-29.png,PGD,Clean,Adversarial,Adversarial
Tuberculosis-29.png,clean,Clean,Clean,Clean
Tuberculosis-2806.png,PGD,Clean,Adversarial,Adversarial
Tuberculosis-2806.png,clean,Clean,Clean,Clean
Tuberculosis-447.png,PGD,Clean,Adversarial,Adversarial
Tuberculosis-447.png,clean,Clean,Clean,Clean
Tuberculosis-835.png,PGD,Clean,Adversarial,Adversarial
Tuberculosis-835.png,clean,Clean,Clean,Clean
Tuberculosis-2228.png,PGD,Clean,Clean,Clean
Tuberculosis-2228.png,clean,Clean,Clean,Clean
Tuberculosis-3009.png,PGD,Clean,Clean,Clean
Tuberculosis-3009.png,clean,Clean,Clean,Clean
Tuberculosis-1720.png,PGD,Clean,Adversarial,Adversarial
Tuberculosis-1720.png,clean,Clean,Clean,Clean
Tuberculosis-1845.png,PGD,Clean,Clean,Clean
Tuberculosis-1845.png,clean,Clean,Clean,Clean
Tuberculosis-898.png,PGD,Clean,Adversarial,Adversarial
Tuberculosis-898.png,clean,Clean,Clean,Clean
Tuberculosis-2285.png,PGD,Clean,Clean,Clean
Tuberculosis-2285.png,clean,Clean,Clean,Clean
Tuberculosis-20.png,PGD,Clean,Adversarial,Adversarial
Tuberculosis-20.png,clean,Clean,Clean,Clean
Tuberculosis-673.png,PGD,Clean,Adversarial,Adversarial
Tuberculosis-673.png,clean,Clean,Clean,Clean
Tuberculosis-916.png,PGD,Clean,Clean,Clean
Tuberculosis-916.png,clean,Clean,Clean,Clean
Tuberculosis-3057.png,PGD,Clean,Adversarial,Adversarial
Tuberculosis-3057.png,clean,Clean,Clean,Clean
Tuberculosis-3436.png,PGD,Clean,Adversarial,Adversarial
Tuberculosis-3436.png,clean,Clean,Clean,Clean
Tuberculosis-2276.png,PGD,Clean,Adversarial,Adversarial
Tuberculosis-2276.png,clean,Clean,Clean,Clean
Tuberculosis-1415.png,PGD,Clean,Adversarial,Adversarial
Tuberculosis-1415.png,clean,Clean,Clean,Clean
Tuberculosis-3086.png,PGD,Clean,Clean,Clean
Tuberculosis-3086.png,clean,Clean,Clean,Clean
Tuberculosis-2733.png,PGD,Clean,Adversarial,Adversarial
Tuberculosis-2733.png,clean,Clean,Adversarial,Adversarial
Tuberculosis-1247.png,PGD,Clean,Clean,Clean
Tuberculosis-1247.png,clean,Clean,Clean,Clean
Tuberculosis-465.png,PGD,Clean,Adversarial,Adversarial
Tuberculosis-465.png,clean,Clean,Clean,Clean
Tuberculosis-3263.png,PGD,Clean,Clean,Clean
Tuberculosis-3263.png,clean,Clean,Clean,Clean
Tuberculosis-2734.png,PGD,Clean,Adversarial,Adversarial
Tuberculosis-2734.png,clean,Clean,Adversarial,Adversarial
Tuberculosis-1995.png,PGD,Clean,Adversarial,Adversarial
Tuberculosis-1995.png,clean,Clean,Clean,Clean
Tuberculosis-651.png,PGD,Clean,Clean,Clean
Tuberculosis-651.png,clean,Clean,Clean,Clean
Tuberculosis-546.png,PGD,Clean,Adversarial,Adversarial
Tuberculosis-546.png,clean,Clean,Clean,Clean
Tuberculosis-3396.png,PGD,Clean,Clean,Clean
Tuberculosis-3396.png,clean,Clean,Clean,Clean
Tuberculosis-2575.png,PGD,Clean,Adversarial,Adversarial
Tuberculosis-2575.png,clean,Clean,Clean,Clean
Tuberculosis-1001.png,PGD,Clean,Adversarial,Adversarial
Tuberculosis-1001.png,clean,Clean,Clean,Clean
Tuberculosis-2746.png,PGD,Clean,Adversarial,Adversarial
Tuberculosis-2746.png,clean,Clean,Adversarial,Adversarial
Tuberculosis-2327.png,PGD,Clean,Clean,Clean
Tuberculosis-2327.png,clean,Clean,Clean,Clean
Tuberculosis-410.png,PGD,Clean,Clean,Clean
Tuberculosis-410.png,clean,Clean,Clean,Clean
Tuberculosis-2278.png,PGD,Clean,Adversarial,Adversarial
Tuberculosis-2278.png,clean,Clean,Clean,Clean
Tuberculosis-1869.png,PGD,Clean,Adversarial,Adversarial
Tuberculosis-1869.png,clean,Clean,Clean,Clean
Tuberculosis-624.png,PGD,Clean,Adversarial,Adversarial
Tuberculosis-624.png,clean,Clean,Clean,Clean
Tuberculosis-2315.png,PGD,Clean,Clean,Clean
Tuberculosis-2315.png,clean,Clean,Clean,Clean
Tuberculosis-1200.png,PGD,Clean,Adversarial,Adversarial
Tuberculosis-1200.png,clean,Clean,Clean,Clean
Tuberculosis-422.png,PGD,Clean,Adversarial,Adversarial
Tuberculosis-422.png,clean,Clean,Clean,Clean
Tuberculosis-2708.png,PGD,Clean,Adversarial,Adversarial
Tuberculosis-2708.png,clean,Clean,Clean,Clean
Tuberculosis-270.png,PGD,Clean,Adversarial,Adversarial
Tuberculosis-270.png,clean,Clean,Clean,Clean
Tuberculosis-749.png,PGD,Clean,Adversarial,Adversarial
Tuberculosis-749.png,clean,Clean,Clean,Clean
Tuberculosis-1033.png,PGD,Clean,Clean,Clean
Tuberculosis-1033.png,clean,Clean,Clean,Clean
Tuberculosis-1745.png,PGD,Clean,Adversarial,Adversarial
Tuberculosis-1745.png,clean,Clean,Clean,Clean
Tuberculosis-2418.png,PGD,Clean,Adversarial,Adversarial
Tuberculosis-2418.png,clean,Clean,Clean,Clean
Tuberculosis-277.png,PGD,Clean,Clean,Clean
Tuberculosis-277.png,clean,Clean,Clean,Clean
Tuberculosis-2773.png,PGD,Clean,Adversarial,Adversarial
Tuberculosis-2773.png,clean,Clean,Adversarial,Adversarial
Tuberculosis-3224.png,PGD,Clean,Clean,Clean
Tuberculosis-3224.png,clean,Clean,Clean,Clean
Tuberculosis-2360.png,PGD,Clean,Clean,Clean
Tuberculosis-2360.png,clean,Clean,Clean,Clean
Tuberculosis-1209.png,PGD,Clean,Adversarial,Adversarial
Tuberculosis-1209.png,clean,Clean,Clean,Clean
Tuberculosis-2818.png,PGD,Clean,Adversarial,Adversarial
Tuberculosis-2818.png,clean,Clean,Clean,Clean
Tuberculosis-663.png,PGD,Clean,Adversarial,Adversarial
Tuberculosis-663.png,clean,Clean,Clean,Clean
Tuberculosis-1883.png,PGD,Clean,Clean,Clean
Tuberculosis-1883.png,clean,Clean,Clean,Clean
Tuberculosis-1347.png,PGD,Clean,Adversarial,Adversarial
Tuberculosis-1347.png,clean,Clean,Clean,Clean
Tuberculosis-2987.png,PGD,Clean,Adversarial,Adversarial
Tuberculosis-2987.png,clean,Clean,Clean,Clean
Tuberculosis-1081.png,PGD,Clean,Adversarial,Adversarial
Tuberculosis-1081.png,clean,Clean,Clean,Clean
Tuberculosis-2633.png,PGD,Clean,Adversarial,Adversarial
Tuberculosis-2633.png,clean,Clean,Adversarial,Adversarial
Tuberculosis-3073.png,PGD,Clean,Adversarial,Adversarial
Tuberculosis-3073.png,clean,Clean,Clean,Clean
Tuberculosis-2145.png,PGD,Clean,Adversarial,Adversarial
Tuberculosis-2145.png,clean,Clean,Clean,Clean
Tuberculosis-2283.png,PGD,Clean,Adversarial,Adversarial
Tuberculosis-2283.png,clean,Clean,Clean,Clean
Tuberculosis-2139.png,PGD,Clean,Clean,Clean
Tuberculosis-2139.png,clean,Clean,Clean,Clean
Tuberculosis-2061.png,PGD,Clean,Clean,Clean
Tuberculosis-2061.png,clean,Clean,Clean,Clean
Tuberculosis-2872.png,PGD,Clean,Adversarial,Adversarial
Tuberculosis-2872.png,clean,Clean,Adversarial,Adversarial
Tuberculosis-2229.png,PGD,Clean,Clean,Clean
Tuberculosis-2229.png,clean,Clean,Clean,Clean
Tuberculosis-446.png,PGD,Clean,Adversarial,Adversarial
Tuberculosis-446.png,clean,Clean,Clean,Clean
Tuberculosis-834.png,PGD,Clean,Adversarial,Adversarial
Tuberculosis-834.png,clean,Clean,Adversarial,Adversarial
Tuberculosis-1512.png,PGD,Clean,Adversarial,Adversarial
Tuberculosis-1512.png,clean,Clean,Clean,Clean
Tuberculosis-1960.png,PGD,Clean,Adversarial,Adversarial
Tuberculosis-1960.png,clean,Clean,Clean,Clean
Tuberculosis-2710.png,PGD,Clean,Adversarial,Adversarial
Tuberculosis-2710.png,clean,Clean,Clean,Clean
Tuberculosis-1340.png,PGD,Clean,Adversarial,Adversarial
Tuberculosis-1340.png,clean,Clean,Clean,Clean
Tuberculosis-2284.png,PGD,Clean,Adversarial,Adversarial
Tuberculosis-2284.png,clean,Clean,Clean,Clean
Tuberculosis-1844.png,PGD,Clean,Adversarial,Adversarial
Tuberculosis-1844.png,clean,Clean,Clean,Clean
Tuberculosis-2580.png,PGD,Clean,Adversarial,Adversarial
Tuberculosis-2580.png,clean,Clean,Clean,Clean
Tuberculosis-2409.png,PGD,Clean,Adversarial,Adversarial
Tuberculosis-2409.png,clean,Clean,Clean,Clean
Tuberculosis-1088.png,PGD,Clean,Adversarial,Adversarial
Tuberculosis-1088.png,clean,Clean,Clean,Clean
Tuberculosis-1438.png,PGD,Clean,Clean,Clean
Tuberculosis-1438.png,clean,Clean,Clean,Clean
Tuberculosis-1915.png,PGD,Clean,Clean,Clean
Tuberculosis-1915.png,clean,Clean,Adversarial,Adversarial
Tuberculosis-1211.png,PGD,Clean,Adversarial,Adversarial
Tuberculosis-1211.png,clean,Clean,Clean,Clean
Tuberculosis-3316.png,PGD,Clean,Clean,Clean
Tuberculosis-3316.png,clean,Clean,Clean,Clean
Tuberculosis-874.png,PGD,Clean,Adversarial,Adversarial
Tuberculosis-874.png,clean,Clean,Clean,Clean
Tuberculosis-3207.png,PGD,Clean,Clean,Clean
Tuberculosis-3207.png,clean,Clean,Clean,Clean
Tuberculosis-649.png,PGD,Clean,Adversarial,Adversarial
Tuberculosis-649.png,clean,Clean,Clean,Clean
Tuberculosis-950.png,PGD,Clean,Adversarial,Adversarial
Tuberculosis-950.png,clean,Clean,Adversarial,Adversarial
Tuberculosis-2916.png,PGD,Clean,Clean,Clean
Tuberculosis-2916.png,clean,Clean,Clean,Clean
Tuberculosis-3324.png,PGD,Clean,Clean,Clean
Tuberculosis-3324.png,clean,Clean,Clean,Clean
Tuberculosis-1010.png,PGD,Clean,Clean,Clean
Tuberculosis-1010.png,clean,Clean,Clean,Clean
Tuberculosis-61.png,PGD,Clean,Clean,Clean
Tuberculosis-61.png,clean,Clean,Clean,Clean
Tuberculosis-1584.png,PGD,Clean,Clean,Clean
Tuberculosis-1584.png,clean,Clean,Clean,Clean
Tuberculosis-1555.png,PGD,Clean,Clean,Clean
Tuberculosis-1555.png,clean,Clean,Clean,Clean
Tuberculosis-2786.png,PGD,Clean,Adversarial,Adversarial
Tuberculosis-2786.png,clean,Clean,Clean,Clean
Tuberculosis-801.png,PGD,Clean,Adversarial,Adversarial
Tuberculosis-801.png,clean,Clean,Clean,Clean
Tuberculosis-1871.png,PGD,Clean,Adversarial,Adversarial
Tuberculosis-1871.png,clean,Clean,Clean,Clean
Tuberculosis-1403.png,PGD,Clean,Adversarial,Adversarial
Tuberculosis-1403.png,clean,Clean,Adversarial,Adversarial
Tuberculosis-1929.png,PGD,Clean,Clean,Clean
Tuberculosis-1929.png,clean,Clean,Clean,Clean
Tuberculosis-474.png,PGD,Clean,Adversarial,Adversarial
Tuberculosis-474.png,clean,Clean,Clean,Clean
